{"No. Moves": 154, "score": 1476, "max_block": 128, "_timestamp": 1660223510.5499961, "_runtime": 688.5601332187653, "_step": 6479, "best score": 32128, "100-ma": 1995, "1024%": 12.2, "2048%": 1.2, "4096%": 0.0, "8192%": 0.0, "16384%": 0.0, "32768%": 0.0, "65536%": 0.0, "_wandb": {"runtime": 687}}