{"No. Moves": 818, "score": 14276, "max_block": 1024, "_timestamp": 1660221399.645223, "_runtime": 238.28330898284912, "_step": 1799, "best score": 15752, "100-ma": 5853, "1024%": 1.6, "2048%": 0.0, "4096%": 0.0, "8192%": 0.0, "16384%": 0.0, "32768%": 0.0, "65536%": 0.0, "_wandb": {"runtime": 236}}