{"No. Moves": 482, "score": 7060, "max_block": 512, "_timestamp": 1660217839.8795505, "_runtime": 327.3829925060272, "_step": 6479, "best score": 31492, "100-ma": 6933, "1024%": 23.3, "2048%": 1.1, "4096%": 0.0, "8192%": 0.0, "16384%": 0.0, "32768%": 0.0, "65536%": 0.0, "_wandb": {"runtime": 326}}