{"No. Moves": 373, "score": 5376, "max_block": 512, "_timestamp": 1660217151.7107754, "_runtime": 363.7438132762909, "_step": 6479, "best score": 32384, "100-ma": 11122, "1024%": 25.7, "2048%": 2.4, "4096%": 0.0, "8192%": 0.0, "16384%": 0.0, "32768%": 0.0, "65536%": 0.0, "_wandb": {"runtime": 362}}