{"No. Moves": 204, "score": 2172, "max_block": 128, "_timestamp": 1660222807.4832366, "_runtime": 565.310296535492, "_step": 6479, "best score": 21788, "100-ma": 1666, "1024%": 3.7, "2048%": 0.1, "4096%": 0.0, "8192%": 0.0, "16384%": 0.0, "32768%": 0.0, "65536%": 0.0, "_wandb": {"runtime": 564}}