{"No. Moves": 197, "score": 2376, "max_block": 256, "_timestamp": 1660218208.634461, "_runtime": 353.5706069469452, "_step": 1799, "best score": 26380, "100-ma": 6641, "1024%": 5.5, "2048%": 0.1, "4096%": 0.0, "8192%": 0.0, "16384%": 0.0, "32768%": 0.0, "65536%": 0.0, "_wandb": {"runtime": 351}}