{"No. Moves": 731, "score": 12428, "max_block": 1024, "_timestamp": 1660221718.042104, "_runtime": 305.3418219089508, "_step": 6479, "best score": 15744, "100-ma": 6588, "1024%": 3.5, "2048%": 0.0, "4096%": 0.0, "8192%": 0.0, "16384%": 0.0, "32768%": 0.0, "65536%": 0.0, "_wandb": {"runtime": 304}}