{"No. Moves": 265, "score": 3172, "max_block": 256, "_timestamp": 1660219646.2422225, "_runtime": 425.4052104949951, "_step": 1799, "best score": 31840, "100-ma": 7985, "1024%": 8.4, "2048%": 0.2, "4096%": 0.0, "8192%": 0.0, "16384%": 0.0, "32768%": 0.0, "65536%": 0.0, "_wandb": {"runtime": 424}}