{"No. Moves": 408, "score": 6128, "max_block": 512, "_timestamp": 1660220666.7328355, "_runtime": 253.3096616268158, "_step": 1799, "best score": 15732, "100-ma": 6524, "1024%": 1.9, "2048%": 0.0, "4096%": 0.0, "8192%": 0.0, "16384%": 0.0, "32768%": 0.0, "65536%": 0.0, "_wandb": {"runtime": 252}}