{"No. Moves": 525, "score": 7516, "max_block": 512, "_timestamp": 1660228333.2823732, "_runtime": 608.5680541992188, "_step": 179, "best score": 16148, "100-ma": 11009, "1024%": 1.3, "2048%": 0.0, "4096%": 0.0, "8192%": 0.0, "16384%": 0.0, "32768%": 0.0, "65536%": 0.0, "_wandb": {"runtime": 613}}