{"No. Moves": 128, "score": 1268, "max_block": 128, "_timestamp": 1660225969.7962055, "_runtime": 614.6147584915161, "_step": 6479, "best score": 14512, "100-ma": 2226, "1024%": 1.7, "2048%": 0.0, "4096%": 0.0, "8192%": 0.0, "16384%": 0.0, "32768%": 0.0, "65536%": 0.0, "_wandb": {"runtime": 613}}