{"No. Moves": 443, "score": 6460, "max_block": 512, "_timestamp": 1660217497.819946, "_runtime": 332.86206912994385, "_step": 1799, "best score": 35452, "100-ma": 9253, "1024%": 9.7, "2048%": 1.2, "4096%": 0.0, "8192%": 0.0, "16384%": 0.0, "32768%": 0.0, "65536%": 0.0, "_wandb": {"runtime": 331}}