{"No. Moves": 140, "score": 1380, "max_block": 128, "_timestamp": 1660224490.5374386, "_runtime": 967.1965935230255, "_step": 6479, "best score": 27428, "100-ma": 2170, "1024%": 4.2, "2048%": 0.2, "4096%": 0.0, "8192%": 0.0, "16384%": 0.0, "32768%": 0.0, "65536%": 0.0, "_wandb": {"runtime": 966}}