{"No. Moves": 235, "score": 2912, "max_block": 256, "_timestamp": 1660225338.5369978, "_runtime": 837.1085786819458, "_step": 6479, "best score": 27388, "100-ma": 1783, "1024%": 9.5, "2048%": 0.7, "4096%": 0.0, "8192%": 0.0, "16384%": 0.0, "32768%": 0.0, "65536%": 0.0, "_wandb": {"runtime": 836}}