{"No. Moves": 1198, "score": 20240, "max_block": 1024, "_timestamp": 1660221144.7836142, "_runtime": 465.9869382381439, "_step": 6479, "best score": 30296, "100-ma": 11837, "1024%": 22.0, "2048%": 1.4, "4096%": 0.0, "8192%": 0.0, "16384%": 0.0, "32768%": 0.0, "65536%": 0.0, "_wandb": {"runtime": 465}}