{"No. Moves": 481, "score": 7060, "max_block": 512, "_timestamp": 1660220397.150031, "_runtime": 734.5408871173859, "_step": 6479, "best score": 35372, "100-ma": 12121, "1024%": 34.8, "2048%": 4.0, "4096%": 0.0, "8192%": 0.0, "16384%": 0.0, "32768%": 0.0, "65536%": 0.0, "_wandb": {"runtime": 733}}