{"No. Moves": 433, "score": 6404, "max_block": 512, "_timestamp": 1660216774.54711, "_runtime": 236.02733397483826, "_step": 1799, "best score": 15116, "100-ma": 6100, "1024%": 2.9, "2048%": 0.0, "4096%": 0.0, "8192%": 0.0, "16384%": 0.0, "32768%": 0.0, "65536%": 0.0, "_wandb": {"runtime": 235}}