{"No. Moves": 858, "score": 14652, "max_block": 1024, "_timestamp": 1660219207.0890431, "_runtime": 985.1292731761932, "_step": 6479, "best score": 47592, "100-ma": 19278, "1024%": 48.7, "2048%": 12.3, "4096%": 0.0, "8192%": 0.0, "16384%": 0.0, "32768%": 0.0, "65536%": 0.0, "_wandb": {"runtime": 984}}