{"No. Moves": 259, "score": 3096, "max_block": 256, "_timestamp": 1660226687.8406231, "_runtime": 689.9377901554108, "_step": 6479, "best score": 15228, "100-ma": 3112, "1024%": 3.1, "2048%": 0.0, "4096%": 0.0, "8192%": 0.0, "16384%": 0.0, "32768%": 0.0, "65536%": 0.0, "_wandb": {"runtime": 688}}